M1M2M3M4,E_homo,G_homo,E_M1,G_M1,E_M2,G_M2,E_M3,G_M3,ΔG_min,q_M1,q_M2,q_M3,q_O,q_Cu,spin_M1,spin_M2,spin_M3,spin_O,spin_Cu,dband_M1,dband_M2,dband_M3,pband_O1,dband_Cu,alpha,beta,min_alpha_beta,d_M1-O,d_M2-O,d_M3-O,a_M1OM2,a_M1OM3,a_M2OM3,D_M1M2M3O,M1_nd,M2_nd,M3_nd
CoCoCo,165.58,214.12,128.77,188.86,73.37,140.01,107.03,169.89,140.01,1.05824,0.99065,0.97198,-0.94858,0.74422,2.7018,2.5973,2.5912,0.50711,0.3512,-3.18718,-2.794,-3.02701,-3.49904,-2.29814,3.844328,0.673311,0.673311,1.997296845,1.942099539,1.84047194,85.31380846,125.3049937,108.4241247,-39.39193891,9,9,9
CoCoCu,132.32,179.81,135.5,196.28,130.78,194.87,140.61,200.66,179.81,1.0634,1.04156,0.82403,-0.88954,0.76952,2.714,2.6558,0.4027,0.60523,0.3867,-3.22696,-2.87157,-2.30783,-3.40096,-2.22755,3.931388,0.625906,0.625906,1.957071781,1.867134341,1.943639856,89.00835388,130.9751723,115.4713167,-32.02447769,9,9,11
CoCoFe,189.7,233.6,102.2,176.07,70.79,149.9,126.04,197.26,149.9,0.66683,0.75997,1.00239,-0.74742,0.60971,-0.9181,1.4431,3.6932,0.27926,0.1009,-2.00611,-2.58887,-4.26807,-3.83071,-1.76086,1.255263,0.719521,0.719521,1.954359636,1.947050961,1.841107343,86.38195085,94.08728413,85.16361859,-54.06263644,9,9,8
CoCoMn,463.91,532.56,530.82,631.48,515.57,617.79,539.07,634.16,532.56,0.64789,0.86314,0.74701,-0.624,0.60632,0,0,0,0,0,-2.03798,-2.08048,-1.81845,-4.48924,-2.05412,0.273588,0.273588,0.273588,1.832025245,2.164879463,1.901008946,82.89835239,132.3838768,106.0545767,-32.71847284,9,9,7
CoCoNi,139.19,186.16,101.19,161.23,110.26,170.04,111.51,165.48,161.23,1.0221,0.84005,0.81348,-0.74543,0.68596,2.6473,1.3506,1.3661,0.46324,0.319,-2.97152,-2.35106,-2.16922,-3.99329,-2.197,1.637951,0.586466,0.586466,2.042345143,1.805011835,1.930130838,91.33681814,132.0247935,121.8139575,-27.42668756,9,9,10
CoCoZn,169.29,213.09,122.46,186.6,72.69,138.36,111.54,174.38,138.36,1.07424,1.01946,1.18511,-1.06389,0.71354,2.7128,2.6083,0.0031,0.31733,0.3142,-3.23634,-2.76236,-6.72283,-3.3507,-2.18146,3.43801,0.593432,0.593432,1.973632709,1.90683827,1.877602815,88.32682181,132.1654382,114.9194011,-31.62773986,9,9,12
CoCuCo,146.98,200.74,108.78,171.03,105.78,170.71,80.91,155.72,155.72,1.02852,0.8688,1.01062,-0.89283,0.749,2.6661,0.4762,2.6336,0.55816,0.3968,-2.98715,-2.59728,-3.21377,-3.54709,-2.50583,3.749353,0.612567,0.612567,1.923207833,1.998420149,1.850941305,84.50838922,124.6481052,103.6060068,-39.06115996,9,11,9
CoCuCu,128.3,169.72,115.77,174.64,110.8,174.27,126.13,183.87,169.72,1.04838,0.91165,0.84523,-0.82384,0.76711,2.7034,0.5333,0.4321,0.66964,0.4165,-3.11695,-2.7454,-2.43754,-3.41048,-2.35465,3.901727,0.597208,0.597208,1.851321313,2.008102096,1.947641513,86.69496659,124.8485922,107.5245333,-37.18246907,9,11,11
CoCuFe,177.15,210.84,123.65,197.83,115.92,179.76,134.13,191.2,179.76,1.03444,0.93239,1.02677,-0.91003,0.67636,2.6612,-0.5704,3.6522,0.24923,0.302,-2.93058,-3.2353,-3.90731,-3.47365,-2.26567,0.852681,0.783572,0.783572,2.066067958,1.947488662,1.82143075,86.46643743,122.6484363,109.3874495,-41.28417232,9,11,8
CoCuMn,NaN,NaN,110.15,183.25,103.88,174.91,105.5,168.66,168.66,0.80485,0.90234,1.14191,-0.85353,0.58872,-1.5391,-0.5052,4.62793,-0.17414,-0.0841,-2.74136,-2.69482,-2.82596,-3.51583,-1.91147,0.754255,1.877456,0.754255,1.852932206,2.011821012,1.923096485,86.31390148,123.3202918,105.528075,-38.38107975,9,11,7
CoCuNi,143.83,184.26,111.17,166.52,93.41,157.19,88.53,152.14,152.14,1.02319,0.89632,1.00197,-0.91076,0.79474,2.6632,0.5079,1.6088,0.52516,0.4301,-2.97685,-2.76384,-2.93469,-3.5124,-2.45606,3.829783,0.693677,0.693677,1.908543537,2.004679799,1.844899229,84.28836762,122.9688326,112.9372102,-40.58601344,9,11,10
CoCuZn,131.73,175.18,105.38,163.44,94.36,157.49,93.1,155.56,155.56,1.03931,0.89528,1.19881,-1.00196,0.75764,2.6733,0.5095,0.0038,0.35993,0.3937,-3.01509,-2.80137,-6.61107,-3.33221,-2.46417,3.565655,0.581414,0.581414,1.893041356,1.994837035,1.885372446,85.66572573,124.9496991,104.8642951,-38.10782514,9,11,12
CoFeCo,176.94,236.41,116.76,187.56,124.21,194.37,99.37,161.66,161.66,0.97258,1.08756,0.96805,-0.90944,0.57913,2.6548,3.8476,2.5821,0.50962,0.1248,-3.04569,-4.50175,-2.85498,-3.28568,-1.75596,3.624223,0.965369,0.965369,2.008526624,1.973729483,1.889310716,80.60157117,121.906345,107.954343,-43.88899853,9,8,9
CoFeFe,NaN,NaN,121.72,191.17,121.51,195.73,122.03,189.25,189.25,0.97471,1.03349,1.01936,-0.90781,0.56911,2.6508,3.7967,3.6576,0.50609,0.0954,-3.13859,-4.57695,-3.77101,-3.56079,-1.90282,3.537719,0.714323,0.714323,2.016982721,2.00850054,1.854209237,80.22275014,124.7693551,103.5356448,-41.4380882,9,8,8
CoFeMn,NaN,NaN,117.69,185.62,127.58,197.45,106.1,166.39,166.39,0.97774,1.09899,1.09882,-0.95427,0.55431,2.6615,3.8596,4.69146,0.47387,0.1073,-3.05766,-4.55825,-2.80161,-3.25811,-1.60983,3.333669,0.991678,0.991678,2.009571747,1.941608863,1.975489942,81.48306098,129.012793,113.7632132,-38.37459745,9,8,7
CoFeNi,174.95,221.97,149.48,210,143.39,215.8,125.7,178.98,178.98,1.01335,1.22567,0.85075,-0.91291,0.65951,2.6674,3.9451,1.4363,0.56766,0.2125,-3.08853,-4.6215,-2.47202,-3.60804,-1.94187,3.672954,0.644038,0.644038,2.016372089,1.855475634,1.937178637,88.77662488,133.4617649,121.2088674,-28.28846603,9,8,10
CoFeZn,185.81,236.26,120.06,187.49,123.46,189.25,103.49,166.58,166.58,0.97297,1.08032,1.18424,-0.98626,0.54487,2.6474,3.8367,0.0148,0.3507,0.0635,-3.03948,-4.47935,-6.71806,-3.33309,-1.58049,3.245474,0.98955,0.98955,2.033340372,1.934067776,1.890089983,80.31418681,123.8251712,109.7722262,-43.275788,9,8,12
CoMnCo,NaN,NaN,121.69,186.15,133.99,200.8,103.23,162.53,162.53,0.93968,1.00135,0.92794,-0.86251,0.59205,2.6053,3.6657,2.5593,0.29836,0.0623,-2.96675,-3.58201,-2.94308,-3.52661,-1.64182,1.841481,1.323404,1.323404,2.041441333,1.902919444,1.872805654,85.14646615,102.2763353,101.446395,-54.8338933,9,7,9
CoMnMn,NaN,NaN,126.08,193.88,127.11,194.6,110.13,174.32,174.32,0.96185,1.05074,1.10499,-0.93165,0.56878,2.6245,3.7211,4.67616,0.24434,0.0694,-2.90058,-3.77054,-3.01243,-3.57121,-1.72408,1.6479,1.246958,1.246958,2.053786456,1.874555937,1.968130902,87.79845216,119.4975476,114.0751927,-42.77820106,9,7,7
CoMnNi,166.16,211.98,118.79,181.76,134.47,203.78,100.31,162.53,162.53,1.03288,1.04984,0.80441,-0.90724,0.67492,2.6893,3.7224,1.3048,0.29807,0.2361,-2.99904,-3.22752,-2.04157,-3.22695,-2.11721,2.44339,0.557596,0.557596,2.02506805,1.897450986,1.920056934,91.28974239,124.4829362,116.4601448,-35.9705229,9,7,10
CoMnZn,NaN,NaN,127.31,192.89,127.32,194.22,104.9,170.5,170.5,0.95541,1.01118,1.19784,-0.9692,0.57227,2.608,3.6644,0.0129,0.1468,0.0327,-2.91082,-3.80574,-6.99504,-3.65116,-1.6736,1.708581,1.406472,1.406472,2.040587331,1.888200534,1.896019708,86.25385564,117.2315559,108.3907717,-45.26133441,9,7,12
CoNiCo,NaN,NaN,130.11,193.77,117.26,183.24,108.57,172.72,172.72,1.0709,1.04443,0.97572,-0.9553,0.72444,2.7031,1.6438,2.5959,0.52595,0.3273,-3.0217,-2.76256,-3.04505,-3.42696,-2.01252,3.724326,0.87622,0.87622,1.995159337,1.929135115,1.843449425,92.42461643,131.9249947,118.9916159,-27.44738719,9,10,9
CoNiCu,133.97,177.52,135.32,195.18,116.97,182.07,138.1,197.28,177.52,1.07665,1.04088,0.84794,-0.90732,0.76563,2.73,1.6411,0.4369,0.58224,0.3819,-3.15251,-2.55914,-2.40759,-3.20899,-2.05965,3.892869,0.696759,0.696759,1.929319152,1.90580833,1.925694291,94.42580137,132.2856346,119.6565111,-24.60557031,9,10,11
CoNiFe,172.67,223.15,125.63,182.83,135.7,194.12,123.74,179.37,179.37,1.01473,0.98293,1.05786,-0.92624,0.66249,2.6524,1.643,3.7181,0.50244,0.2933,-2.90323,-2.55305,-3.98376,-3.31031,-2.33135,3.603873,0.718319,0.718319,2.073952581,2.039127072,1.810902016,84.67984042,130.3915584,114.1878424,-35.61860667,9,10,8
CoNiMn,NaN,NaN,126.12,188.95,111.3,178.75,114.74,173.63,173.63,1.07068,1.05081,1.11127,-1.0284,0.71752,2.7152,1.6542,4.7057,0.43518,0.331,-3.10846,-2.76891,-2.80469,-3.26222,-1.87348,3.390108,0.821414,0.821414,1.977801425,1.915648203,1.953758257,93.22481905,139.7157654,124.3255593,-11.32659496,9,10,7
CoNiNi,157.28,200.82,102.68,171.77,115.01,180.98,99.88,162.59,162.59,0.84908,0.98882,1.00211,-0.86489,0.56758,1.6207,1.6301,1.5969,0.35758,0.0984,-2.80704,-2.3737,-2.85015,-3.42722,-1.62941,1.743499,0.862206,0.862206,1.872862708,2.066272389,1.844128885,84.1321691,125.581499,117.179169,-37.95222847,9,10,10
CoNiZn,NaN,NaN,125.88,189.67,108.21,173.83,115.18,174.74,173.83,1.08234,1.05301,1.18022,-1.0642,0.6996,2.7204,1.632,0.0001,0.3249,0.296,-3.11104,-2.6941,-6.56074,-3.18299,-1.9129,3.356944,0.836995,0.836995,1.961538471,1.91022618,1.877174096,93.5152528,134.8692526,118.5669429,-23.60270876,9,10,12
CoZnCo,109.84,153.25,128.01,189.34,103.67,169.69,108.66,171.52,153.25,1.0764,1.2255,0.97401,-1.01911,0.72133,2.7016,-0.008,2.5866,0.4124,0.3229,-3.00317,-6.1964,-3.018,-3.31021,-1.96267,3.619793,0.94779,0.94779,1.998058727,1.957961417,1.827398315,89.83457799,134.5176181,115.4611835,-28.41113891,9,12,9
CoZnCu,117.14,169.9,139.53,195.2,127.98,196.33,132.41,193.94,169.9,1.07284,1.25756,0.8599,-1.00692,0.78493,2.7354,0.0042,0.4301,0.44876,0.3858,-3.34004,-6.36134,-2.66478,-3.73128,-1.9769,3.676776,0.321292,0.321292,1.918701675,1.958104839,1.929502433,93.86951314,135.6120577,129.4596604,7.644148163,9,12,11
CoZnMn,112.05,160.86,122.45,186.15,100.26,160.56,114.83,175.3,160.56,1.0757,1.22883,1.09629,-1.08724,0.70393,-2.6969,0.0123,4.65691,-0.0242,-0.2629,-3.12944,-6.25655,-2.81911,-3.26789,-1.89095,0.769944,1.954211,0.769944,1.977060521,1.939485143,1.910781179,90.60358196,142.4745614,120.2737372,-16.41472212,9,12,7
CoZnNi,134.76,185.46,98.3,170.97,96.25,168.52,86.39,147.43,147.43,0.8702,1.21111,0.95024,-0.86678,0.62801,1.6444,-0.0039,1.5101,0.34328,0.1695,-2.754,-5.56686,-2.56355,-3.14039,-1.91693,1.941638,0.633512,0.633512,1.831059724,2.148539973,1.894706688,85.74962678,130.4676863,111.0408442,-32.85383726,9,12,10
CuCoCo,157.78,206.59,92.64,157.19,106.25,175.22,98.36,164.81,157.19,0.91066,1.01677,0.96854,-0.9205,0.7538,0.5481,2.6271,2.5785,0.52013,0.3956,-2.75238,-2.83281,-3.06706,-3.34699,-2.51731,3.922501,0.497744,0.497744,2.038361696,1.898171031,1.849581443,86.48937556,119.1124075,108.9258895,-43.85194152,11,9,9
CuCoCu,115.85,160.3,103.27,168.38,117.23,181.27,103.08,164.79,160.3,0.8948,1.05987,0.85618,-0.83461,0.76565,0.5325,2.6912,0.4378,0.65667,0.4057,-2.52215,-2.99964,-2.34763,-3.30966,-2.2674,4.029122,0.626979,0.626979,2.015551869,1.851400901,1.926787667,87.15616162,117.6152088,110.6970461,-44.5250442,11,9,11
CuCoFe,180.48,214.31,92.03,158.24,65.98,129.68,126.29,177.01,129.68,0.9008,1.03807,1.05257,-0.93808,0.69081,0.5496,2.6499,3.6903,0.49602,0.332,-2.82313,-2.94653,-3.87614,-3.42746,-2.4366,3.701574,0.477431,0.477431,2.053078216,1.938029592,1.840352466,85.24088782,115.2978116,110.5621019,-47.30628211,11,9,8
CuCoNi,NaN,NaN,99.54,164.63,111.85,177.3,75.16,142.26,142.26,0.88784,1.02571,1.01718,-0.92672,0.76907,0.5239,2.6383,1.6058,0.49788,0.4074,-2.6098,-2.86994,-2.89475,-3.32654,-2.45362,3.911466,0.67362,0.67362,2.014448445,1.901576233,1.846784632,85.7438913,115.706116,111.9366064,-46.6869264,11,9,10
CuCoZn,160.07,199.33,92.09,158.75,65.33,129.19,102.67,166.61,129.19,0.89179,1.01037,1.20575,-1.0211,0.76389,0.5312,2.6222,0.0072,0.31417,0.3946,-2.65489,-2.90067,-6.51576,-3.11343,-2.50037,3.601245,0.658546,0.658546,1.9966713,1.900376453,1.879118925,85.86396525,115.3337311,108.3817672,-46.37956086,11,9,12
CuCuCo,NaN,NaN,90.41,158.17,110.5,181.13,93.57,167.29,158.17,0.90742,0.87011,0.99185,-0.86418,0.75088,0.5523,0.4876,2.6214,0.54926,0.3991,-2.67024,-2.43731,-2.97069,-3.04796,-2.42171,3.953934,0.772334,0.772334,2.027718524,1.965655863,1.815989873,83.58666224,114.5595676,101.1080502,-47.21066707,11,11,9
CuCuCu,97.84,138.58,92.76,155.39,116.94,177.02,109.01,171.46,138.58,0.89451,0.90721,0.88436,-0.8066,0.75627,0.5453,0.5476,0.4932,0.6551,0.4009,-2.42235,-2.56941,-2.51257,-2.81941,-2.14366,3.945544,0.824915,0.824915,1.991302206,1.963575002,1.900725386,84.53311988,113.1358061,103.2181125,-47.38584037,11,11,11
CuCuFe,159.37,201.98,93.43,162.3,110.45,176.35,128.26,181.49,162.3,0.90432,0.92427,1.0307,-0.87272,0.68277,-0.5265,-0.5538,3.6465,0.11939,0.3244,-2.75397,-3.09168,-3.83324,-3.32639,-2.32873,0.900821,0.859598,0.859598,2.051646264,1.96977486,1.808886629,84.35644365,113.4493095,104.5393307,-48.30658737,11,11,8
CuCuMn,144.95,187.19,95.29,162.88,104.85,171.15,92.07,154.99,154.99,0.88577,0.9133,1.12954,-0.93062,0.74881,-0.5178,-0.5282,4.57494,-0.16925,-0.3754,-2.55782,-2.76532,-2.69726,-3.045,-2.4607,0.726861,2.175278,0.726861,1.983436941,1.95221134,1.882246992,85.32184869,117.3655557,107.5274626,-44.69964831,11,11,7
CuCuNi,NaN,NaN,82.81,152.9,104.52,171.24,69.03,137.21,137.21,0.88934,0.91,0.99393,-0.88996,0.78209,0.5382,0.536,1.6039,0.51433,0.4187,-2.39263,-2.45476,-2.44754,-2.81802,-2.11263,4.052859,1.153201,1.153201,2.013555917,1.960071964,1.82479274,82.83022649,111.2289067,110.7861993,-51.21460765,11,11,10
CuCuZn,NaN,NaN,92.92,156.81,102.04,167.63,94.22,158.3,156.81,0.89904,0.90861,1.18929,-0.99254,0.76359,0.5497,0.546,0.0023,0.30492,0.4024,-2.33619,-2.50033,-5.8294,-2.45954,-2.07284,3.831435,1.215827,1.215827,1.981150561,1.961558963,1.871929465,83.56092536,112.0722871,101.6631267,-48.29084566,11,11,12
CuFeCo,NaN,NaN,91.37,159.61,115.12,187.52,104.66,163.56,159.61,0.85347,1.06475,0.90986,-0.886,0.75696,0.4975,3.7247,2.5376,0.50349,0.3895,-2.7486,-3.98872,-3.04248,-3.40767,-2.7326,3.85848,0.382138,0.382138,2.057823423,1.942120637,1.849561971,82.4785389,103.2400767,96.06803035,-54.33909052,11,8,9
CuFeCu,141.52,188.62,122.53,187.21,122.89,182.92,142.83,200.6,182.92,0.89235,1.23603,0.72704,-0.883,0.76666,0.5294,3.9442,0.1895,0.60582,0.4127,-2.56932,-4.42426,-1.61965,-3.38394,-2.41338,3.567297,0.6003,0.6003,1.993476858,1.837081404,1.979710314,90.86816293,122.8166206,116.407644,-37.6331376,11,8,11
CuFeNi,153.19,200.12,102.56,168.63,70.36,143.13,107.84,168.73,143.13,0.89202,1.10593,0.77457,-0.87226,0.73834,0.5497,3.8475,1.2902,0.54286,0.3864,-2.51209,-4.06217,-1.83707,-2.91398,-2.26535,3.536858,0.952352,0.952352,1.988825312,1.906495742,1.90686412,86.39542062,107.7523869,92.33147939,-48.59244389,11,8,10
CuFeZn,192.14,247,82.88,157.33,183.11,258.78,101.48,164.31,157.33,0.89054,0.89019,1.1941,-0.90649,0.56049,-0.5229,2.6856,0.0042,0.0575,-0.015,-2.93026,-3.69485,-6.80319,-3.56823,-1.39562,0.807811,0.952785,0.807811,2.039985822,1.840712399,1.91319698,86.33038624,106.1380786,106.4871697,-52.91522964,11,8,12
CuMnCu,126.65,176.68,81.89,150.96,116.56,191.57,121.07,183.5,150.96,0.85423,1.01581,0.71953,-0.81391,0.74077,-0.4248,3.7038,-0.1617,-0.15964,-0.3888,-2.53289,-3.3474,-1.79744,-3.34698,-2.68692,0.395274,3.033736,0.395274,2.039243131,1.833075229,2.017124685,89.41937771,123.4052385,116.0989083,-38.47725656,11,7,11
CuMnFe,172.47,215.88,87.76,161,119.15,184.13,119.21,177.13,161,0.84425,1.04449,0.95177,-0.87078,0.71948,-0.3727,4.4121,-3.4658,-0.24355,0.3949,-2.63416,-2.73616,-3.59144,-3.51852,-3.1919,0.185025,0.581154,0.185025,2.175433144,2.003656327,1.793542287,83.05698505,124.2917955,112.999347,-42.44792429,11,7,8
CuMnNi,150.18,196.53,87.36,155,128.63,198.08,90.49,151.83,151.83,0.90276,1.04488,0.84818,-0.88434,0.69015,0.5798,3.7163,1.3722,0.30486,0.2824,-2.60275,-2.9756,-2.10605,-2.88204,-2.22949,2.581702,0.639302,0.639302,2.021992163,1.909173554,1.916735263,89.10178846,113.796113,110.0301612,-45.81396242,11,7,10
CuNiCo,83.11,132.79,100.63,165.56,109.73,171.55,106.64,169.23,132.79,0.91848,0.98261,0.96233,-0.90279,0.76622,0.5583,1.5882,2.5821,0.53529,0.3992,-2.60915,-2.54114,-2.87876,-3.17175,-2.35506,4.052767,0.784991,0.784991,2.031491497,1.951098181,1.81172781,87.20117616,113.9800245,104.2663108,-46.45626641,11,10,9
CuNiCu,112.57,156.29,98.79,161.51,105.61,169.23,133.3,195.33,156.29,0.91608,1.02702,0.90273,-0.87764,0.77098,0.5619,1.6353,0.5014,0.59525,0.4088,-2.40256,-2.43444,-2.55425,-2.94943,-2.11882,4.0103,0.724371,0.724371,1.992069195,1.903114933,1.889065741,90.3011144,119.8860325,113.9888578,-40.44857097,11,10,11
CuNiMn,174.16,215.03,106.51,172.46,106.97,171.17,60.68,121.02,121.02,0.89033,1.03196,1.13559,-0.9705,0.74808,-0.5211,-1.6169,4.58318,-0.15939,-0.3691,-2.42188,-2.55449,-2.70152,-3.16646,-2.38433,0.800688,2.268551,0.800688,1.969641098,1.925140958,1.886177656,89.86338324,122.44287,117.2733308,-38.08677424,11,10,7
CuNiNi,NaN,NaN,94.51,160.21,99.48,178.25,89.71,153.5,153.5,0.91206,1.02097,1.01245,-0.93642,0.80415,0.5517,1.6156,1.6118,0.49834,-0.4246,-2.37209,-2.33348,-2.56621,-2.96426,-2.1272,1.338526,1.099437,1.099437,1.98578848,1.925589028,1.837215701,88.73909267,117.6210504,118.2069508,-42.97654296,11,10,10
CuNiZn,87.11,135.77,101.09,165.33,96.8,161.6,106.78,166.45,135.77,0.91488,1.0217,1.19631,-1.03689,0.75845,0.5645,1.6197,0.0043,0.30281,0.3935,-2.29808,-2.26682,-5.87677,-2.59761,-2.07379,3.754088,1.192933,1.192933,1.966541903,1.92153567,1.872671411,89.27616826,116.5266353,110.1543943,-43.36888267,11,10,12
CuZnCo,95.38,140.28,95.99,161.35,88.86,152.19,100.09,165.82,140.28,0.92876,1.21498,0.95551,-0.98427,0.75222,0.565,-0.012,2.5627,0.40396,0.3876,-2.72764,-6.20972,-2.96491,-3.13418,-2.41073,3.905303,0.591291,0.591291,2.03366974,1.979085084,1.799189527,85.90274045,121.1158145,107.4247828,-42.27052589,11,12,9
CuZnCu,81.29,132.17,86.02,149.9,119.17,179.3,124.75,183.12,132.17,0.91826,1.21706,0.91624,-0.98405,0.77129,0.5251,-0.0018,-0.4829,-0.18853,0.4175,-2.40466,-5.65424,-2.51945,-2.62566,-2.03761,1.056256,1.115594,1.056256,1.966472913,1.95589615,1.874639924,87.82424824,126.5716885,111.6131256,-36.60268881,11,12,11
CuZnFe,131.05,174.24,60.53,126.23,94.99,160.21,133.18,187.65,126.23,0.92142,1.22017,1.04466,-0.978,0.69135,-0.5356,0.0004,3.6533,0.27875,0.3272,-2.7242,-6.30661,-3.81453,-3.30708,-2.28165,0.921846,0.885828,0.885828,2.038284901,1.985066094,1.806198054,85.39150682,121.3514977,110.1539108,-42.43270411,11,12,8
CuZnMn,NaN,NaN,99.89,166.35,102.68,162.41,93.04,155.4,155.4,0.89613,1.22555,1.13697,-1.05531,0.75054,-0.5103,0.0142,4.55611,0.02482,-0.3775,-2.29194,-5.95523,-2.70697,-2.94606,-2.24811,0.886736,1.995334,0.886736,1.984535971,1.951786729,1.876886511,87.26215169,131.9194775,116.7297852,-31.98216604,11,12,7
CuZnNi,65.59,112.61,81.16,140,70.46,133.23,59.44,118.09,112.61,0.92272,1.23475,0.96682,-0.97084,0.76237,0.5683,-0.0064,1.5678,0.45546,0.405,-2.53219,-5.90502,-2.54801,-2.98139,-2.18221,3.907488,0.88133,0.88133,1.979481834,1.972595708,1.829203952,88.34800635,125.2072685,112.4002133,-37.38420645,11,12,10
CuZnZn,146.51,189.2,91.76,154.93,84.75,150.19,91.57,153.75,150.19,0.91998,1.22035,1.19818,-1.13334,0.75381,0.5736,-0.0062,0.0041,0.11357,0.3921,-2.33323,-5.59258,-5.8361,-2.31013,-2.07317,3.679695,1.173878,1.173878,1.966759875,1.949181114,1.868482252,86.76390992,117.9648138,106.8732132,-43.42186937,11,12,12
FeCoCo,175.66,222.08,128.85,187.53,120.68,182.17,104.87,167.09,167.09,1.13219,0.94564,0.97693,-0.91049,0.57103,3.8514,2.6588,2.5955,0.51876,0.1257,-4.34376,-2.98757,-2.87876,-3.58144,-1.74962,3.740604,0.908342,0.908342,1.940092066,2.004538826,1.884927198,80.15944923,129.8689051,108.7725569,-37.540783,8,9,9
FeCoCu,314,372.22,129.39,191.72,116.62,180.99,132.09,194.05,180.99,0.84192,0.8325,0.81764,-0.70807,0.57637,1.1078,0.8083,-0.3831,-0.23262,-0.0632,-2.48182,-1.85704,-2.51495,-4.06363,-1.52893,0.282995,1.293836,0.282995,1.895792251,1.90238262,1.962478529,88.16957576,132.1781233,112.4481449,-31.61862484,8,9,11
FeCoFe,183.73,231.31,130.74,194.82,114.82,187.46,119.26,184.3,184.3,1.13423,0.92009,1.01023,-0.92309,0.55485,3.8572,2.6456,3.6393,0.48622,0.1085,-4.60161,-3.28682,-3.76131,-3.91233,-2.09653,3.650209,0.339817,0.339817,1.955130061,2.027795209,1.879110327,78.88202663,128.7194524,104.7752875,-38.55156136,8,9,8
FeCoMn,172.77,215.58,128.29,186.92,116.72,178,112.34,174.25,174.25,1.14043,0.95818,1.09361,-0.95261,0.54655,3.8668,2.6733,4.68741,0.46878,0.1236,-4.31599,-2.97863,-2.62465,-3.36037,-1.60984,3.477772,0.979314,0.979314,1.926239254,1.990342257,1.982743189,80.90992677,133.7864665,110.0182209,-34.13412308,8,9,7
FeCoNi,173.52,216.08,134.42,198.32,117.66,177.96,109.24,167.12,167.12,1.13505,0.97483,0.89493,-0.89865,0.63092,3.8578,2.6804,1.4923,0.53961,0.235,-4.29992,-2.93838,-2.38451,-3.41184,-2.01839,3.887894,0.78491,0.78491,1.922831938,1.973296979,1.931419376,82.03333016,132.7203073,112.1291747,-34.48154206,8,9,10
FeCoZn,178.12,227.02,127.35,190.79,116.84,178.74,110.93,174.6,174.6,1.13962,0.94391,1.18334,-0.98842,0.54209,3.8563,2.6561,0.0071,0.3651,0.0826,-4.27136,-2.95607,-6.52586,-3.42668,-1.56805,3.438591,0.935356,0.935356,1.931233266,2.001083762,1.890522268,80.00596956,130.6589584,107.2329892,-36.8835188,8,9,12
FeCuCu,109.78,149.25,103.98,167.88,110.81,180.16,127.81,194.25,149.25,1.18899,0.86446,0.79478,-0.85488,0.76672,3.8463,-0.3765,-0.3088,0.17388,-0.3632,-4.74659,-2.42202,-2.31617,-3.87973,-2.45792,0.189486,1.456979,0.189486,1.831084558,1.974656311,1.958940431,88.63535927,135.8407326,116.54994,-26.55945938,8,11,11
FeCuFe,176.11,218.45,131.3,189.11,134.05,198.49,108.74,163.56,163.56,1.10979,0.69992,1.03144,-0.86147,0.66399,3.8372,0.3012,3.7137,0.53724,0.3133,-4.34382,-1.84259,-4.1473,-3.65863,-2.54583,3.352176,0.542556,0.542556,1.969010889,2.001823137,1.841220033,78.40718822,118.4711468,89.98277318,-43.45588117,8,11,8
FeCuMn,182.71,226.65,167.84,225.75,132.44,202.26,166.66,231.23,202.26,1.18666,0.71925,1.13878,-0.91838,0.78188,-3.8783,0.1924,4.62516,-0.2187,0.3829,-4.31339,-1.7328,-2.24559,-3.71918,-2.17899,1.496782,0.613968,0.613968,1.834834613,1.886807838,1.995510336,113.3949933,119.4337513,104.5021142,-26.56092458,8,11,7
FeCuNi,141.35,183.74,143.27,213,107.87,174.12,114.39,174.92,174.12,0.87576,0.87921,0.84352,-0.78261,0.64601,0.8133,-0.5256,1.4345,-0.02053,0.1961,-2.39946,-2.95662,-2.66723,-3.79164,-1.96166,0.624432,0.540375,0.540375,1.881619822,1.943870718,1.958602413,106.1843724,136.3164882,98.30210258,-21.6182012,8,11,10
FeCuZn,148.42,193.57,137.21,207.09,104.98,170.15,118.19,181.53,170.15,1.19511,0.80272,1.19359,-0.99439,0.65763,3.9285,-0.3886,0.018,0.10267,-0.1965,-4.34147,-2.4402,-6.65901,-3.54889,-1.86108,0.443168,1.866752,0.443168,1.900345038,1.929538115,1.900912612,104.8212996,126.3640932,96.93037922,-29.28980573,8,11,12
FeFeCo,190.63,239.02,126.37,180.28,128.97,191.5,100.88,159.55,159.55,1.09953,1.01981,0.97759,-0.91556,0.57303,3.7989,3.7603,2.5928,0.51639,0.1004,-3.85526,-4.06649,-2.97596,-3.52468,-1.68356,3.690638,1.147747,1.147747,1.956317557,2.052336325,1.854375224,78.96575429,130.1182884,108.1838717,-37.72255076,8,8,9
FeFeCu,146.97,195.47,111.52,172.28,135.21,199.44,131.82,188.5,172.28,1.19326,1.16798,0.68053,-0.89127,0.55579,3.8974,3.9375,0.1513,0.59563,0.0804,-4.44886,-4.66137,-1.64044,-3.62338,-1.37989,3.275623,0.599287,0.599287,1.876084604,1.975705347,2.036501898,91.46055127,134.4749084,114.2711821,-26.66293063,8,8,11
FeFeMn,190.44,247,123.53,186.15,128.1,195.88,107.78,169.13,169.13,1.09396,1.04477,1.10165,-0.96436,0.55519,3.8018,3.7884,4.69369,0.46336,0.1161,-3.84433,-4.08868,-2.82151,-3.31434,-1.70032,3.381521,1.239092,1.239092,1.936599551,2.026980789,1.971429408,79.49961762,133.333255,112.1513088,-34.99144531,8,8,7
FeFeNi,NaN,NaN,144.18,211.78,256.07,339.44,119.43,184.66,184.66,1.08896,1.15545,0.87245,-0.9193,0.64772,3.7532,3.8533,-1.4459,0.31086,-0.1522,-3.97208,-4.16551,-2.79217,-3.77492,-1.99844,0.968309,1.280634,0.968309,1.93784298,1.922727155,1.933645198,85.08438517,136.7525275,123.0793013,-26.61848788,8,8,10
FeFeZn,206.95,255.18,129.95,189.57,126.39,193.52,106.09,169.49,169.49,1.09162,1.03964,1.1853,-0.9985,0.54254,3.7917,3.7774,0.0139,0.34093,0.0765,-3.78957,-3.99574,-6.65453,-3.38226,-1.6248,3.357313,1.42512,1.42512,1.964609035,1.997688282,1.887778525,78.56595017,127.3551683,108.9036674,-40.35163457,8,8,12
FeMnCo,NaN,NaN,120.84,185.78,133.42,196.04,100.69,164.26,164.26,1.02172,0.95076,0.95849,-0.88171,0.59117,3.6971,3.5848,2.5905,0.29574,0.0768,-3.67952,-3.75353,-3.31632,-3.916,-2.07125,1.823005,0.864866,0.864866,2.029764197,1.936718095,1.874601026,82.06652609,107.9414973,101.2716039,-52.28507835,8,7,9
FeMnCu,NaN,NaN,115.65,178.44,118.67,186.88,98.93,155.87,155.87,1.08333,1.03828,0.64243,-0.82575,0.597,3.8711,3.7315,0.039,0.18242,0.1204,-4.47235,-3.49102,-1.42175,-3.5048,-1.91039,1.187368,0.676739,0.676739,1.99278395,1.83313853,2.095565334,87.9519155,124.4651268,119.9777434,-37.54073603,8,7,11
FeMnFe,NaN,NaN,170.9,246.75,118.71,195.17,153.37,217.81,195.17,1.16322,1.04945,0.97436,-0.90234,0.53993,-3.8201,4.54864,3.5472,-0.03937,0.0232,-4.66595,-2.79007,-3.68991,-4.10056,-1.74183,0.930292,1.640797,0.930292,1.867013547,2.187686436,1.855996046,84.91120851,133.892242,108.2735436,-31.11277674,8,7,8
FeMnMn,179.42,235.69,118.37,181.53,118.23,186.88,104.96,163.48,163.48,1.19155,1.07158,1.07161,-0.93505,0.5377,3.8963,4.66092,-4.56281,0.26837,-0.0258,-4.49827,-2.3401,-2.87996,-3.69205,-1.5172,1.606309,1.018696,1.018696,1.853528135,2.196829993,1.912376156,88.15855861,137.827682,110.6360717,-26.17666489,8,7,7
FeMnNi,169.84,223.99,128.31,189.3,130.06,199.86,100.9,168.59,168.59,1.16846,1.04809,0.74013,-0.89357,0.58809,3.859,3.7255,1.2239,0.3681,0.0743,-4.35039,-3.76415,-2.00618,-3.90535,-1.88438,2.00756,0.287073,0.287073,1.942564047,1.939825691,1.928362088,91.0862055,121.4737807,112.0596262,-38.24937415,8,7,10
FeMnZn,167.99,224.37,109.4,170.86,106.71,172.38,94.71,155.49,155.49,1.20741,1.07269,1.17937,-1.00993,0.51372,3.9294,4.67268,0.0168,0.37813,0.044,-4.60308,-2.31638,-6.83099,-3.48892,-1.45272,2.867801,0.890168,0.890168,1.866277983,2.189821441,1.897189315,88.11173452,133.6373588,108.0739413,-29.76590098,8,7,12
FeNiCo,177.97,227.94,119.03,177.56,125.61,182.07,100.31,161.15,161.15,1.15183,0.97386,0.96754,-0.91619,0.56178,3.8759,1.6499,2.5877,0.52536,0.1084,-4.45516,-2.6146,-2.83835,-3.42496,-1.65491,3.782256,0.986582,0.986582,1.905688809,2.057424128,1.883002472,82.90406916,128.6196784,110.235281,-36.66050897,8,10,9
FeNiCu,130.74,171.2,227.1,302.93,115.86,179.77,255.82,320.5,171.2,1.0768,0.99639,0.8521,-0.85102,0.5562,3.7062,-1.5903,-0.4188,-0.05852,0.0737,-4.345,-2.4548,-2.49314,-3.31255,-1.46158,0.727148,1.12163,0.727148,1.86650842,2.037001114,1.928845248,84.35566848,132.2865384,113.4494884,-32.74232505,8,10,11
FeNiFe,176.95,225.88,122.7,175.5,92.04,156.25,125.9,184.53,156.25,1.11767,0.80715,0.96573,-0.86677,0.61516,3.8399,1.4242,3.6667,0.51281,0.2258,-4.38555,-2.26575,-4.00324,-3.44344,-2.20001,3.56814,0.722999,0.722999,1.970313047,2.08447305,1.828686206,79.61655651,109.9620144,85.00036097,-46.68429866,8,10,8
FeNiMn,176.6,229.01,117.62,176.96,121.44,173.68,101.8,158.38,158.38,1.16349,0.98159,1.08968,-0.96239,0.5341,3.8967,1.659,4.68466,0.47108,0.1028,-4.47661,-2.55564,-2.58299,-3.23519,-1.51078,3.459889,1.000763,1.000763,1.889597096,2.039541417,1.982088419,83.90788795,133.3683083,112.3984342,-32.31237541,8,10,7
FeNiNi,NaN,NaN,128.82,193.79,127.34,186.76,104.92,158.1,158.1,1.15562,0.9794,0.8834,-0.89815,0.63089,3.881,1.6524,1.4797,0.55374,0.2382,-4.31167,-2.37175,-2.2065,-3.16404,-1.84748,3.86976,1.006889,1.006889,1.881493993,2.042513398,1.930995233,84.66338385,132.0287699,112.1291549,-32.97538585,8,10,10
FeNiZn,182.84,231.02,116.29,177.21,116.61,175.39,102.31,160.44,160.44,1.16206,0.97808,1.1802,-0.99978,0.52031,3.8849,1.6522,0.0084,0.363,0.0497,-4.43758,-2.57906,-6.47679,-3.30655,-1.45283,3.428753,0.968022,0.968022,1.896679767,2.041521555,1.890242346,83.26500967,129.9954613,108.9608918,-35.48726103,8,10,12
FeZnCo,131.27,185.21,78.97,142.92,75.33,143.02,64.88,126.62,126.62,1.21209,1.23192,0.98208,-1.00839,0.57292,3.9043,0.0127,2.5897,0.42376,0.1027,-4.42395,-6.43636,-2.9258,-3.60139,-1.49693,3.546388,0.926823,0.926823,1.904104032,1.998165258,1.883398826,89.34783422,132.2534111,110.7812922,-30.89222378,8,12,9
FeZnCu,106.39,146.02,141.25,204.74,108.65,171.45,170.28,225.5,146.02,1.1942,1.24153,0.66603,-1.01083,0.86401,3.869,0.0106,0.0871,0.16403,-0.474,-4.41096,-5.99829,-1.40924,-3.92165,-2.69849,0.507581,1.019623,0.507581,1.879450748,2.013277504,2.078754601,94.10702601,135.4219712,121.5118037,19.47802791,8,12,11
FeZnMn,162.21,217.56,109.06,173.06,105.4,169.36,97.04,153.53,153.53,1.19011,1.19704,1.09505,-0.99995,0.54774,3.9145,0.0191,4.68264,0.44549,0.0896,-4.54426,-5.8758,-2.72582,-3.21873,-1.44209,3.271211,0.937964,0.937964,1.860747718,2.127461571,1.983600392,85.44614316,137.3936895,110.8490234,-28.05379632,8,12,7
FeZnNi,172.41,229.93,131.92,195.25,100,169.55,192.94,259.08,169.55,1.2152,1.24398,0.85183,-0.98182,0.65136,3.8946,0.019,-1.397,0.2429,-0.2134,-4.45436,-6.3177,-2.2432,-3.48073,-1.74718,0.977,1.275561,0.977,1.850177174,1.97239467,1.930671504,91.97405623,137.0673299,114.6481113,-23.94448078,8,12,10
MnCoCo,201.36,253.4,123.16,191.61,110.75,177.13,103.53,167.11,167.11,0.95393,0.9707,0.95035,-0.86094,0.56337,3.6065,2.6515,2.5595,0.37124,0.0584,-3.32127,-2.88009,-2.93156,-3.23972,-1.84122,2.151559,1.287904,1.287904,1.898687823,2.253597359,1.824341753,78.77108978,127.8475334,97.38175046,-36.29040414,7,9,9
MnCoCu,149.84,193.64,120.87,185.75,118.06,187.3,128.36,190.25,185.75,0.99939,0.79853,0.80842,-0.78253,0.60601,3.6819,-1.2551,-0.3518,-0.16954,0.0678,-3.50866,-2.29657,-2.22498,-3.75676,-1.85653,0.44643,2.176338,0.44643,1.908161401,1.872398269,1.965357519,89.92335178,120.7708537,108.5088694,-39.59803743,7,9,11
MnCoFe,NaN,NaN,158.24,201.34,107.97,178.66,128.12,190.75,178.66,0.9613,0.97971,0.96911,-0.87971,0.55887,3.6259,2.6556,3.5735,0.34447,0.0569,-3.6731,-3.06483,-3.66762,-3.52951,-2.21221,2.115676,0.963775,0.963775,1.896041826,2.252504919,1.84288252,79.07155425,130.4766759,99.50678793,-34.77042228,7,9,8
MnCoMn,202.24,252.67,122.85,189.4,121.29,187.94,98.99,156.29,156.29,0.95766,0.98813,1.10229,-0.9254,0.56215,3.6374,2.6702,4.66563,0.25683,0.0849,-3.26417,-2.83614,-2.77929,-3.07192,-1.91941,1.918559,1.269614,1.269614,1.877060044,2.209863074,1.915285265,80.57616814,133.0441563,104.0428956,-33.06740621,7,9,7
MnCoNi,340.39,375.67,132.77,193.85,111.05,161.84,104.35,168.3,161.84,0.93839,0.70595,0.99084,-0.83503,0.61203,3.5804,1.1151,-1.5877,-0.10328,0.0536,-3.56677,-2.05084,-3.22529,-3.98372,-1.87624,1.281763,1.623743,1.281763,1.922028659,1.948138008,1.848555085,82.52846876,118.0350041,108.3833887,-45.24773253,7,9,10
MnCoZn,NaN,NaN,121.9,189.42,99.9,167.9,98.64,160.91,160.91,0.95793,0.98898,1.17684,-0.97031,0.55101,3.5961,2.6596,0.0109,0.15522,0.0479,-3.2619,-2.80006,-6.68404,-3.02906,-1.86284,2.109758,1.375399,1.375399,1.877030078,2.210426695,1.863483315,80.00147323,127.2563058,101.6142714,-36.97745728,7,9,12
MnCuCo,NaN,NaN,126.77,191.92,111.19,182.55,106,170.78,170.78,0.94317,0.90498,0.98647,-0.85382,0.57536,3.6036,0.5453,2.6111,0.40794,0.1088,-3.02255,-2.56706,-2.8563,-3.24394,-1.73089,2.186527,0.908562,0.908562,1.967238107,2.030249992,1.843474388,83.32418201,117.6457043,102.603169,-44.35333367,7,11,9
MnCuCu,114.53,156.71,116.9,179.99,100.91,174.18,123.21,183.03,156.71,0.89212,0.94432,0.87298,-0.76419,0.56393,3.5249,-0.5378,-0.4623,-0.41609,0.0397,-2.99259,-2.81899,-2.64435,-3.3295,-1.47009,0.423572,2.871582,0.423572,1.898191186,2.006929028,1.924634475,85.48438021,123.5951388,107.8607174,-39.09592147,7,11,11
MnCuFe,NaN,NaN,128.09,193.37,105.23,172.8,111.71,176.17,172.8,0.94754,0.92137,1.0445,-0.89272,0.57064,3.6231,0.55,3.6677,0.3645,0.0844,-3.31768,-2.88821,-3.85773,-3.65535,-1.98309,2.128475,0.247549,0.247549,1.964746961,2.013439083,1.850858082,84.92645308,123.2047744,108.9629664,-40.40050366,7,11,8
MnCuMn,NaN,NaN,148.54,201.01,96.79,164.64,101.62,159.57,159.57,0.9378,0.93882,1.11933,-0.89988,0.56346,3.6271,-0.5074,4.63372,-0.02661,0.0846,-2.92382,-2.73424,-2.66387,-3.20757,-1.61261,0.819071,2.203373,0.819071,1.926936859,1.988010691,1.925024452,86.03379909,123.8407399,110.6438581,-39.04277602,7,11,7
MnCuNi,NaN,NaN,136.05,198.06,83.07,154.27,99.49,157.79,154.27,0.92224,0.93949,0.99677,-0.85045,0.56031,3.5906,-0.5307,-1.5934,-0.31192,0.0468,-3.07021,-2.87269,-2.87587,-3.47666,-1.41383,0.796214,2.621226,0.796214,1.933161915,2.012029638,1.842952052,83.94656698,121.303508,113.5575399,-42.22302633,7,11,10
MnCuZn,NaN,NaN,147.88,196.41,94.38,163.44,103.25,162.92,162.92,0.95086,0.94809,1.18641,-0.95085,0.54418,3.6086,-0.5413,0.0108,-0.11553,0.045,-2.93975,-2.89948,-6.37907,-3.07325,-1.47194,0.814215,2.845883,0.814215,1.92666998,1.998182544,1.892971756,85.2129029,120.9949677,104.9145111,-41.22557611,7,11,12
MnFeCo,201.94,246.12,204.89,285.53,209.05,282.35,106.07,169.72,169.72,0.92534,0.98532,0.94175,-0.84774,0.5757,3.5099,3.6851,-2.5107,-0.08031,0.0842,-3.65483,-3.84727,-3.29746,-4.15214,-2.36574,1.393216,1.128357,1.128357,1.898039738,2.16348202,1.817376702,78.25864676,129.1448738,103.0890472,-37.00913413,7,8,9
MnFeCu,173.75,227.98,111.89,176.55,123.21,190.46,117.03,171.47,171.47,0.9804,1.18902,0.66072,-0.85887,0.56513,3.6684,3.9598,0.0984,0.38451,0.0706,-3.453,-4.6781,-1.48772,-3.39429,-1.76895,1.55558,0.874818,0.874818,1.91357556,1.941259496,2.034737165,87.61848098,126.1174876,109.489618,-36.53708698,7,8,11
MnFeFe,206.86,260.12,144.98,210.04,115.6,189.97,121.83,188.27,188.27,0.94216,0.9186,0.95665,-0.82926,0.60082,3.5353,3.6338,3.6351,0.34652,0.1034,-3.66524,-3.95558,-4.11827,-3.81969,-1.99202,2.015848,0.818459,0.818459,1.922401088,2.158208908,1.851734724,80.98432476,111.3311454,79.33716923,-43.07212955,7,8,8
MnFeMn,NaN,NaN,117.81,184.66,106.84,158.64,110.34,178.58,158.64,0.9334,1.09046,1.14336,-0.95469,0.59467,3.5578,3.7763,4.71452,0.24935,0.062,-3.6683,-3.76627,-3.35368,-3.91681,-2.43773,1.844863,0.890071,0.890071,1.90964216,2.024591721,1.94721177,84.50984442,126.5451012,108.8776641,-37.45679291,7,8,7
MnFeNi,NaN,NaN,148.27,202.87,147.55,213.78,140.23,199.26,199.26,1.02093,0.88821,0.72852,-0.7932,0.66531,3.6383,-3.1178,1.1434,0.13742,0.1361,-4.18875,-3.5274,-2.61033,-4.35731,-2.80682,0.749091,0.343873,0.343873,1.872873685,1.994881411,1.943581128,91.08663809,119.3847397,82.93550701,-37.53227064,7,8,10
MnFeZn,NaN,NaN,124.44,186.36,117.61,181.12,109.16,174.78,174.78,0.94415,1.07404,1.20282,-0.99915,0.5996,3.5579,3.7366,0.0161,0.15716,0.0471,-3.67006,-3.73262,-7.06785,-3.90262,-2.15899,1.922343,1.456554,1.456554,1.926824369,2.008497765,1.879362813,84.6134651,121.7660463,105.5819811,-40.99428852,7,8,12
MnMnCo,173.88,233.74,116.42,183.86,115.59,182.03,94.03,157.74,157.74,0.96403,1.10451,0.97457,-0.90711,0.56882,3.6515,4.70844,2.5958,0.31083,0.0878,-3.27261,-2.43557,-2.94688,-3.23745,-1.91822,1.712031,1.631564,1.631564,1.902608142,2.227868321,1.855166784,83.53614407,126.7301488,105.7112985,-36.70693147,7,7,9
MnMnCu,152.89,186.1,568.06,649.79,107.64,176.48,113.06,168.74,168.74,0.72356,0.74459,0.66778,-0.63354,0.57455,0,0,0,0,0,-2.2666,-2.23628,-2.01722,-4.19095,-2.09024,0.039636,0.039636,0.039636,1.934319443,1.844857687,2.144738578,87.91889515,120.3378529,115.5736029,-40.86283359,7,7,11
MnMnFe,NaN,NaN,122.5,186.36,116.82,183.6,126.75,186.9,183.6,0.9773,1.08675,0.98038,-0.91066,0.55343,3.6739,4.69509,3.595,0.32352,0.0657,-3.54597,-2.65235,-3.62849,-3.5068,-1.99748,1.739551,1.68452,1.68452,1.917709043,2.227833736,1.850313772,83.42033385,130.6400056,104.8753041,-34.18230476,7,7,8
MnMnMn,NaN,NaN,119.68,188.5,121.02,186.19,97.3,155.49,155.49,0.97072,1.09931,1.1056,-0.95334,0.55932,3.6835,4.71652,4.68798,0.23837,0.0927,-3.34046,-2.51006,-2.90646,-3.20254,-1.94725,1.618589,1.865709,1.618589,1.89838427,2.207868876,1.924291934,84.21940771,130.8769393,108.0649102,-33.53127541,7,7,7
MnMnZn,NaN,NaN,114.47,184.43,102.27,170.97,93.73,156.44,156.44,0.97392,1.10767,1.17859,-0.99996,0.5437,3.6515,4.70703,0.0243,0.13499,0.0515,-3.28292,-2.43991,-6.75725,-3.17246,-1.77788,1.691333,2.779181,1.691333,1.901541232,2.184216664,1.869030239,84.6857536,126.817751,106.9612223,-36.41174946,7,7,12
MnNiCo,NaN,NaN,115.83,186.65,116.72,180.13,97.02,162.41,162.41,0.95061,0.9935,0.96795,-0.89447,0.56116,3.6243,1.6631,2.5815,0.32277,0.0878,-3.21742,-2.58203,-2.78904,-3.20527,-1.91701,2.086116,1.606887,1.606887,1.920590615,2.076302114,1.866324388,81.46174112,124.2184962,107.0823497,-40.35058031,7,10,9
MnNiFe,NaN,NaN,325.5,390.07,118.25,179.58,272.67,341.67,179.58,0.96073,0.93352,0.86515,-0.82702,0.55053,3.6388,0.0245,2.0126,0.06665,0.0118,-3.67809,-2.43552,-2.41462,-3.90495,-2.10822,0.970432,1.118972,0.970432,1.928984354,2.072718405,1.858884409,82.14451351,128.1168764,109.2384073,-37.52028423,7,10,8
MnNiMn,NaN,NaN,117.47,192.23,111.19,179.56,97.4,168.21,168.21,0.96133,0.99862,1.10767,-0.94083,0.54589,3.6532,1.6738,4.67993,0.24383,0.0841,-3.12807,-2.56313,-2.62142,-3.08536,-1.70633,1.876257,1.876212,1.876212,1.91152033,2.073763523,1.922174713,82.13844137,129.6867994,108.1120282,-36.06561009,7,10,7
MnNiNi,NaN,NaN,121.13,185.67,118.9,181.66,98.46,159.73,159.73,0.94665,0.99656,0.98489,-0.90397,0.54607,3.6185,1.6603,1.6147,0.32095,0.0611,-2.90389,-2.28355,-2.63229,-3.04912,-1.35342,2.147515,1.609785,1.609785,1.939874955,2.059429827,1.839112646,81.51247031,127.140763,115.4117362,-38.86257465,7,10,10
MnNiZn,NaN,NaN,116.31,181.79,108.57,171.92,100.12,162.26,162.26,0.96465,0.99669,1.17662,-0.98387,0.52588,3.6205,1.6649,0.0115,0.1652,0.0433,-2.91853,-2.32155,-6.15523,-2.84403,-1.44844,2.14414,2.179603,2.14414,1.914448691,2.06817228,1.86843987,81.91662939,125.9607654,105.9906925,-38.83932255,7,10,12
MnZnCo,NaN,NaN,115.48,179.19,84.93,148.62,97.48,161.24,148.62,1.01108,1.19822,0.9905,-0.96449,0.60425,3.6535,0.0272,2.5761,0.27199,0.0574,-3.19873,-5.62337,-3.027,-3.33969,-1.53963,2.187513,1.547085,1.547085,1.915752231,2.026686447,1.860901284,90.20133906,132.8139837,108.7556492,-30.32093818,7,12,9
MnZnCu,145.84,193.39,52.15,118.39,64.31,131.48,74.74,135.52,118.39,1.12763,1.23749,0.82931,-0.98693,0.805,4.25726,0.0307,-0.3672,-0.11037,-0.428,-2.89381,-6.33084,-2.27989,-3.4918,-2.29027,0.616457,3.069435,0.616457,1.88298983,1.96651334,1.952621077,93.21194614,143.9619913,117.9160421,-13.20363588,7,12,11
MnZnFe,NaN,NaN,122.17,191.02,121.7,187.92,132.83,198.25,187.92,1.02469,1.18821,0.99357,-0.96684,0.59743,3.6717,0.0232,3.5814,0.25686,0.0483,-3.74932,-6.25233,-3.65664,-3.81555,-2.10012,2.160931,1.344456,1.344456,1.917279074,2.037319675,1.86737577,89.60906503,129.1209233,105.1465481,-33.54184397,7,12,8
MnZnMn,NaN,NaN,118.01,183.49,99.12,164.35,97.59,156.69,156.69,0.96535,1.21576,1.11512,-0.98129,0.56315,3.6611,0.0328,4.67146,0.19107,0.0756,-3.05657,-5.85343,-2.60686,-2.90377,-1.60348,1.959787,1.911613,1.911613,1.895108211,2.135260533,1.925961049,82.47092274,131.8645689,109.0135376,-33.90639523,7,12,7
MnZnNi,NaN,NaN,117.27,188.97,91.29,165.32,90.49,152.21,152.21,0.93731,1.22783,0.98437,-0.92104,0.56332,3.6081,0.0307,-1.5778,-0.1267,0.032,-2.96213,-5.67133,-2.66981,-3.00983,-1.32698,1.47683,2.632862,1.47683,1.903151299,2.156422703,1.835685957,81.94284931,124.6436166,114.19117,-39.7698605,7,12,10
MnZnZn,NaN,NaN,112.5,181.5,91.9,161.58,96.95,156.45,156.45,0.96503,1.22267,1.18917,-1.03011,0.54793,3.6246,0.0285,0.0138,0.0838,0.0333,-2.91165,-5.67535,-6.27927,-2.72354,-1.41243,2.16261,2.716567,2.16261,1.897046504,2.131559769,1.872246075,82.53930317,127.2106515,106.1197851,-37.20424294,7,12,12
NiCoCo,167.06,218.41,132.02,193.73,123.43,186.68,102.55,164.52,164.52,1.02695,1.0244,0.99322,-0.95749,0.78079,1.6528,2.6342,2.6073,0.50701,0.4116,-2.68912,-2.80886,-3.0273,-3.48377,-2.42918,3.900058,0.782046,0.782046,1.952042315,1.945835223,1.852109844,88.45558717,127.9797238,111.0811379,-35.22814594,10,9,9
NiCoCu,122.77,173.45,136.71,189.94,128.51,192.44,137.12,198.75,173.45,1.02021,1.0683,0.85681,-0.8794,0.78979,1.6475,2.697,0.4411,0.62095,0.4283,-2.5237,-2.9303,-2.4073,-3.41382,-2.2068,3.948128,0.625601,0.625601,1.93704961,1.873585751,1.929449757,90.59145565,131.3843799,115.3410804,-30.48813787,10,9,11
NiCoFe,420.95,492.6,424.51,530.91,376.64,467.52,271.52,353.72,353.72,0.84367,0.89923,0.74642,-0.68775,0.68272,0,0,0,0,0,-2.12145,-1.98036,-1.92801,-4.72546,-2.18104,-0.244218,-0.244218,-0.244218,1.960566186,2.051356281,1.788223351,91.9793115,135.6495198,116.7512967,-24.80769027,10,9,8
NiCoNi,NaN,NaN,123.57,184.59,68.36,133.83,95.39,155.28,133.83,1.03039,1.07953,0.9568,-0.92812,0.79662,1.6408,2.6895,1.534,0.58583,0.4428,-2.54881,-2.86406,-2.47595,-3.70423,-2.10507,3.908459,0.786409,0.786409,1.954108553,1.895201199,1.85866031,91.33388319,140.0394693,125.075539,-13.07960933,10,9,10
NiCoZn,NaN,NaN,127.41,192.31,120.87,186.06,111.86,174.21,174.21,1.03552,1.03138,1.19726,-1.06542,0.77464,1.6373,2.631,0.0065,0.31487,0.4111,-2.67655,-2.77841,-6.6897,-3.35704,-2.52182,3.574382,0.637389,0.637389,1.936701185,1.915294576,1.879035898,90.00086314,132.7258553,115.4325037,-29.62111134,10,9,12
NiCuCo,140.42,186.5,120.47,180.33,114.05,177.49,84.68,157.27,157.27,1.02739,0.91462,0.96449,-0.89297,0.7708,1.633,0.5449,2.5881,0.55391,0.4087,-2.43466,-2.61231,-3.09819,-3.22302,-2.3058,3.958956,0.921763,0.921763,1.964038114,1.982828274,1.837473923,87.77227249,123.1862916,105.8810935,-39.17431439,10,11,9
NiCuCu,117.61,160.28,124,178.14,125.91,185.68,113.98,176.6,160.28,1.01354,0.92393,0.88502,-0.84232,0.77345,1.6373,0.5623,0.4904,0.64392,0.4214,-2.31142,-2.52906,-2.57433,-3.04247,-2.11226,3.873469,0.84231,0.84231,1.924949326,1.956829907,1.905431528,89.41397707,127.3834112,109.5262221,-34.92821452,10,11,11
NiCuFe,NaN,NaN,140.02,210.7,119.37,185.47,134.83,191.66,185.47,0.93384,0.93292,0.93205,-0.88076,0.76305,0.0317,-0.5588,3.4675,-0.05725,-0.4411,-2.41857,-3.44393,-3.59038,-3.8653,-3.04307,0.778863,0.859865,0.778863,1.981296459,1.968821306,1.818190815,87.96799831,125.8182312,109.4872337,-37.39733352,10,11,8
NiCuMn,162.67,207.22,122.9,187.28,120.6,187.22,87.73,159.37,159.37,1.02615,0.94518,0.89978,-0.86049,0.78653,1.6075,0.566,-2.9006,0.32663,0.4497,-3.54814,-3.92148,-2.85834,-4.56798,-3.36556,1.621188,0.933035,0.933035,1.942881796,1.94169805,1.893595923,89.73639249,133.3682554,114.6996158,-29.36838281,10,11,7
NiCuNi,161.83,207.8,124.9,188.57,106.3,170.41,68.39,140.5,140.5,1.01681,0.91898,1.0065,-0.92552,0.80657,1.6194,0.5506,1.6185,0.50718,0.4436,-2.25693,-2.51498,-2.59611,-3.03053,-2.13559,3.853575,1.252418,1.252418,1.953709004,1.956993293,1.83721816,87.06185892,124.1825567,115.4897883,-38.56948209,10,11,10
NiCuZn,NaN,NaN,117.53,180.1,114.73,172.59,88.01,158.33,158.33,1.02975,0.92587,1.19725,-1.025,0.77767,1.6242,0.5615,0.0027,0.32926,0.4194,-2.20856,-2.52308,-6.02794,-2.74586,-2.09947,3.651257,1.248878,1.248878,1.936607966,1.945130188,1.874048423,88.5833946,127.3412417,107.7601507,-35.73895862,10,11,12
NiFeCo,174.83,225.69,118.17,181.36,122.97,190.12,103.33,161.28,161.28,0.97729,1.11214,0.96657,-0.90325,0.58947,1.6329,3.8737,2.5823,0.52764,0.1587,-2.68239,-4.65418,-2.85027,-3.30115,-1.68483,3.490223,0.881528,0.881528,1.990961508,1.975204009,1.894075463,83.83527014,123.2847133,106.1346395,-41.08453777,10,8,9
NiFeFe,NaN,NaN,126.84,187.58,139.63,206.86,125.78,183.73,183.73,0.98144,1.01466,1.0277,-0.89451,0.57481,1.636,3.7846,3.6873,0.52531,0.1455,-2.91122,-4.57903,-3.92514,-3.58341,-1.89906,3.270829,0.666226,0.666226,1.99431507,2.034577862,1.846648092,83.14232627,125.1024956,97.08540757,-39.07712785,10,8,8
NiFeZn,183.65,235.59,119.28,179.32,120.48,188.64,107.28,168.34,168.34,0.97857,1.11489,1.19382,-0.98601,0.54768,1.6282,3.8753,0.0129,0.37059,0.0887,-2.79509,-4.76015,-6.83757,-3.46206,-1.49822,2.911403,0.773402,0.773402,1.994301674,1.940285905,1.905228981,84.01543815,125.2940491,110.4163266,-39.9178946,10,8,12
NiMnCo,197.61,247.79,128.49,193.25,130.48,196.81,103.15,163.61,163.61,0.95579,1.04848,0.98309,-0.88711,0.57964,1.5955,3.7141,2.6013,0.33979,0.0615,-2.6564,-3.9137,-3.24678,-3.84094,-1.57286,1.392249,0.920531,0.920531,2.00150741,1.902691472,1.901927722,88.21311787,116.3497469,109.3324813,-44.39897292,10,7,9
NiMnCu,150.79,200.43,114.85,183.24,131.9,200.78,131.23,191.5,183.24,0.99085,1.02692,0.65495,-0.83394,0.76915,1.6438,3.697,0.0486,0.20459,0.4638,-2.81731,-3.28114,-1.47164,-3.47215,-2.67386,1.301507,0.453276,0.453276,1.972570599,1.840324344,2.131594262,92.57513111,130.4570115,121.6552371,-27.30116958,10,7,11
NiMnFe,182.61,232.55,143.11,200.57,288.84,375.85,134.79,189.16,189.16,0.98028,0.85552,1.05934,-0.85447,0.66576,-1.5789,-0.8117,3.6669,0.23075,0.292,-3.26131,-1.97273,-4.36489,-4.37018,-2.95337,0.807897,0.359824,0.359824,2.010394714,2.042472709,1.821964022,86.32269136,130.8621671,112.5009361,-34.04136219,10,7,8
NiMnMn,209.25,261.37,130.55,197.36,127.19,197.51,117.31,174.23,174.23,0.9868,1.08574,1.10385,-0.93874,0.56761,1.6404,3.7621,4.67152,0.25722,0.0805,-2.64951,-3.71511,-2.87275,-3.54534,-1.48884,1.438781,1.439402,1.438781,1.998285797,1.881920627,1.982982446,90.34000124,123.6317022,116.1225591,-37.17230745,10,7,7
NiMnNi,174.73,219.5,123.17,190.14,134.12,205.59,106.92,170.77,170.77,1.00302,1.0654,0.82811,-0.90806,0.70354,1.6506,3.7368,1.3331,0.318,0.2959,-2.37699,-2.961,-1.95524,-3.09269,-2.03894,2.487796,0.834406,0.834406,1.970790176,1.915864378,1.922612848,92.10585189,126.1027286,116.5304966,-33.58881026,10,7,10
NiMnZn,NaN,NaN,126.74,192.24,126.62,196.1,109.26,173.39,173.39,0.96762,1.05299,1.19932,-0.9657,0.56602,-1.533,3.731,0.0091,-0.04122,0.0232,-2.51557,-3.73233,-6.8217,-3.6021,-1.43545,1.459101,1.748213,1.459101,1.992137808,1.886755612,1.909601902,89.61634841,119.8820135,109.4752882,-41.11171745,10,7,12
NiNiCo,NaN,NaN,133.83,197.04,121.9,183.21,104.04,167.92,167.92,1.04004,1.04508,0.97298,-0.94917,0.78345,1.6476,1.6341,2.5808,0.53174,0.413,-2.40674,-2.50126,-3.02905,-3.297,-2.21357,3.908447,1.06629,1.06629,1.951319992,1.942638021,1.84585873,91.96429558,129.5225341,115.6662026,-30.94038621,10,10,9
NiNiCu,128.81,173.98,137.23,194.18,123.03,183.24,133.58,192.37,173.98,1.02554,1.048,0.891,-0.89337,0.78764,1.6529,1.657,0.4911,0.60493,0.4256,-2.31706,-2.45052,-2.56606,-3.18163,-2.03253,3.897807,0.840334,0.840334,1.920279118,1.912645022,1.900424916,93.72400725,131.7343514,118.889392,-26.17559658,10,10,11
NiNiMn,108.73,158.72,138.09,200.41,124.8,188.42,121.11,178.88,158.72,0.84054,0.86051,0.79336,-0.71348,0.75084,0,0,0,0,0,-1.95979,-1.86605,-1.71348,-4.73747,-2.26666,0.073396,0.073396,0.073396,1.942534751,1.926971829,1.905828803,92.74860379,138.8928448,125.1409014,-12.42945385,10,10,7
NiNiNi,NaN,NaN,124.47,186.52,111.96,177.03,91.37,155.58,155.58,1.03032,1.0735,0.97943,-0.9315,0.7953,1.6406,1.6629,1.5738,0.58209,0.4429,-2.31156,-2.51972,-2.56204,-3.44648,-1.95737,3.882227,0.896934,0.896934,1.945099073,1.932051887,1.846905689,93.86944384,138.7764737,125.4977052,-9.510399079,10,10,10
NiNiZn,NaN,NaN,131.28,195.1,113.99,175.44,114.2,173.88,173.88,1.03841,1.0542,1.1959,-1.0714,0.77285,1.6392,1.6394,0.0047,0.31591,0.4111,-2.18978,-2.2986,-6.07756,-2.85569,-1.98113,3.573334,1.341534,1.341534,1.927353678,1.917970391,1.876898664,93.30765388,134.9350909,118.7329147,-23.45649605,10,10,12
NiZnCo,NaN,NaN,102.76,167.96,129.54,196.01,192.41,259.08,167.96,0.96068,1.22505,0.94779,-0.99058,0.80069,0.0105,0.0019,2.505,0.12134,-0.4521,-2.10536,-6.33758,-2.89572,-3.56524,-2.54416,0.957915,1.340583,0.957915,1.944968899,1.976460628,1.811238163,89.70540375,136.4911508,115.064444,-26.57612551,10,12,9
NiZnCu,127.27,174.25,104.84,171.09,143.18,206.46,140.48,198.33,171.09,1.02293,1.23179,0.90907,-1.0045,0.8045,1.5481,-0.0023,-0.4839,-0.10357,0.4523,-2.31489,-5.72471,-2.58194,-3.04265,-1.9218,0.841492,1.318666,0.841492,1.910234046,1.954528108,1.886801768,92.3171386,141.8110848,121.4801752,-13.44424647,10,12,11
NiZnFe,148.12,197.19,143.54,204.13,103.46,167.17,271.14,332.22,167.17,0.95768,1.22484,0.94167,-0.99233,0.7797,0.014,0.0044,3.4901,0.09842,-0.4451,-2.48036,-6.78404,-3.59773,-3.89047,-3.00911,0.877907,0.837048,0.837048,1.968828331,1.982044573,1.817082398,88.67302046,134.6775383,116.0322241,-28.67693458,10,12,8
NiZnMn,117.59,165.94,128.59,190.95,123.28,183.96,115.14,172.41,165.94,1.02629,1.22659,1.12268,-1.09602,0.78303,-1.6104,0.0126,4.65505,-0.01293,-0.4062,-2.28542,-5.86281,-2.61482,-3.06863,-2.066,1.069075,1.969325,1.069075,1.946716267,1.949924783,1.910556805,90.0401208,144.0202692,122.2651535,-12.33388254,10,12,7
NiZnNi,85.88,144.24,122.34,188.31,100.67,168.23,93.33,159.56,144.24,1.02897,1.22315,0.99569,-1.0508,0.78934,1.6374,-0.0069,1.6071,0.35318,0.4277,-2.23256,-5.62496,-2.80514,-2.81111,-1.99182,3.663753,1.151924,1.151924,1.941937963,1.949223396,1.879681271,90.0021071,136.2300742,122.3552975,-22.90234555,10,12,10
NiZnZn,111.23,164.54,121.07,186.52,104.97,172.81,107.8,167.3,164.54,1.04688,1.22928,1.20644,-1.16432,0.77708,1.6432,-0.0058,0.0021,0.15644,0.4215,-2.20803,-5.57624,-6.05815,-2.66246,-1.92918,3.503293,1.32152,1.32152,1.93187668,1.938985714,1.875129815,90.83330541,140.5833719,117.8572083,-20.29451402,10,12,12
ZnCoCo,NaN,NaN,130.98,193.28,78.15,133.77,110.04,171.32,133.77,1.20735,1.05309,0.97106,-1.00635,0.77275,0.004,2.6463,2.5761,0.426,0.42,-6.086,-2.76597,-3.06739,-3.41686,-2.40062,3.84517,0.869484,0.869484,2.006662619,1.9108248,1.841396918,88.36353489,129.5894462,117.5624408,-33.40777732,12,9,9
ZnCoCu,124.41,177.47,126.59,192.3,128.87,199.36,134.62,200.6,177.47,1.21249,1.11062,0.81427,-0.92269,0.83289,0.0015,2.7209,0.3683,0.57753,0.4841,-5.95026,-3.05891,-1.97619,-3.60913,-2.16805,3.99138,0.945623,0.945623,2.059779471,1.789515287,1.959060099,92.30989415,140.2069989,127.0241346,-4.952442535,12,9,11
ZnCoFe,NaN,NaN,135.69,194.97,120.62,179.18,138.41,188.7,179.18,1.20233,1.07394,1.05611,-1.02367,0.71957,0.0072,2.667,3.6824,0.40982,0.3617,-6.12863,-2.89038,-3.83123,-3.52961,-2.2803,3.561878,0.928435,0.928435,2.018437776,1.93857264,1.837659614,87.53848912,127.3211011,120.4148903,-35.2918172,12,9,8
ZnCoNi,NaN,NaN,125.36,190.12,73.06,143.92,96.56,162.11,143.92,1.19812,1.04938,0.992,-1.04121,0.80337,0.002,2.6516,1.6028,0.36162,0.4443,-6.15593,-2.80513,-3.10236,-3.2474,-2.56297,3.791252,0.707537,0.707537,1.988710671,1.898463429,1.878744509,88.14905006,130.1029702,123.0529399,-31.19920381,12,9,10
ZnCoZn,NaN,NaN,97.86,164.17,110.5,178,105.1,169.26,164.17,1.18787,1.03751,1.2289,-1.1492,0.83368,0.0007,2.6447,0.0027,0.15661,0.4563,-6.21247,-2.77119,-6.44624,-3.17305,-2.44456,3.748331,0.868184,0.868184,1.971372566,1.932941721,1.8937263,86.80840595,142.1652762,109.1791599,-25.57920577,12,9,12
ZnCuCo,153.87,202.78,125.26,188.05,110.49,172.45,86.93,159.79,159.79,1.20343,0.90157,1.00253,-0.95309,0.76137,-0.0041,0.5216,2.6227,0.44195,0.4179,-5.79724,-2.44276,-2.97639,-3.03959,-2.32044,3.87222,1.004729,1.004729,2.007313401,1.961242976,1.823073507,84.59882766,122.590448,106.9814753,-41.66407801,12,11,9
ZnCuCu,102.87,149.77,111.29,171.41,107.7,169.19,106.98,167.39,149.77,1.19855,0.93248,0.90514,-0.93477,0.76987,-0.0104,0.5733,0.5172,0.48077,0.4282,-5.45497,-2.47714,-2.56471,-2.64394,-2.09023,3.886655,0.921341,0.921341,1.995052174,1.948396889,1.887807268,86.00299924,122.8591915,111.0429432,-40.65077721,12,11,11
ZnCuFe,182.55,217.38,130.5,193.26,110.21,172.49,131.2,185.84,172.49,1.19923,0.94692,1.04651,-0.96363,0.69713,0.0102,-0.5657,3.6597,0.17238,0.35,-6.03439,-3.07223,-3.81779,-3.37483,-2.29264,0.890278,0.981899,0.890278,2.030253867,1.96103531,1.819279906,85.09864987,121.6374682,112.2037113,-42.45144532,12,11,8
ZnCuMn,158.2,199.73,126.84,190.16,106.21,161.14,74.66,147.18,147.18,1.19919,0.92774,1.12496,-1.04361,0.77229,0.0213,-0.5319,4.58677,-0.03495,-0.4033,-5.79194,-2.46388,-2.65541,-2.94274,-2.3856,0.900973,2.108296,0.900973,1.979730037,1.939926712,1.891007506,86.8753869,129.4748179,119.0989572,-33.82553084,12,11,7
ZnCuNi,120.65,165.15,122.75,182.66,107.15,161.56,94.37,156.5,156.5,1.19636,0.92549,1.00251,-0.994,0.80686,-0.0094,0.5558,1.6093,0.37834,0.4495,-5.51512,-2.42081,-2.43797,-2.74117,-2.09729,3.940727,1.356175,1.356175,1.995569937,1.957956475,1.82706187,83.9211746,119.938077,115.677893,-44.2354363,12,11,10
ZnCuZn,NaN,NaN,119.49,179.48,95.31,152.23,93.55,156.05,152.23,1.20829,0.93629,1.20064,-1.11082,0.78434,-0.0111,0.5731,0.0043,0.16396,0.4348,-5.32689,-2.44345,-5.75693,-2.37215,-2.06732,3.766948,1.349221,1.349221,1.967031189,1.946164968,1.8666024,85.8083453,122.3000653,108.3032326,-40.96710547,12,11,12
ZnFeNi,187.5,233.11,137.91,204.28,151.74,218.69,116.88,179.5,179.5,1.20903,1.27568,0.81994,-1.02521,0.73827,0.0124,4.0141,1.3051,0.40831,0.3461,-5.85503,-4.25674,-1.92121,-3.20988,-2.00937,3.572472,0.850205,0.850205,2.013686292,1.878746911,1.911947709,92.83696624,135.9620032,127.361597,-14.485984,12,8,10
ZnMnCo,148.19,195.4,112.73,193.48,110.52,189.38,117.39,173.7,173.7,1.19431,1.06125,0.93593,-0.88792,0.67444,0.028,4.35309,-2.5187,-0.35717,-0.2812,-6.29994,-2.74123,-3.12502,-3.79564,-2.29013,0.669497,3.656668,0.669497,2.085307611,1.989135798,1.799345771,85.23838855,127.8861044,114.9421803,-37.58947758,12,7,9
ZnMnCu,151.82,199.9,114.86,179.73,130.38,203.83,121.59,183.95,179.73,1.19633,1.03145,0.65746,-0.89884,0.76685,0.0357,3.7033,0.0493,0.05473,0.465,-6.50699,-3.25981,-1.51511,-3.34836,-2.81468,1.343322,0.40021,0.40021,2.017983282,1.819929634,2.097459088,91.37676293,126.4319023,122.8101596,-32.28344029,12,7,11
ZnMnFe,169.59,217.33,128.55,187.95,132.52,191.21,123.26,178.19,178.19,1.18995,1.07458,1.07064,-0.97217,0.67685,0.0276,4.66479,3.7243,0.43614,0.3529,-6.2788,-2.31123,-4.12399,-3.40513,-2.56029,2.904336,1.10468,1.10468,2.02738905,2.202845837,1.797134111,82.53403891,130.8061161,113.6085243,-35.50987766,12,7,8
ZnMnMn,142.53,182.95,107.97,184.02,96.71,170.13,111.23,157.55,157.55,1.18505,1.03146,1.08434,-0.8918,0.54014,0.0451,3.7529,4.64093,0.06674,0.1034,-6.39419,-3.68131,-3.04763,-3.84144,-1.50829,0.654406,1.574571,0.654406,2.073491516,1.83172506,1.986295476,87.05371614,126.4551751,118.4608683,-37.46979923,12,7,7
ZnMnNi,NaN,NaN,119.11,183.72,124.93,196.63,101.39,159.81,159.81,1.20178,1.07724,0.84078,-0.97849,0.69695,0.0284,3.7456,1.3466,0.17814,0.2995,-5.7301,-2.8836,-1.95934,-2.87281,-2.05581,2.431782,0.909026,0.909026,2.0010286,1.902559595,1.923419308,91.26663636,123.0863939,118.1349739,-36.63701045,12,7,10
ZnMnZn,105.61,163.29,97.06,158.4,100.65,174.74,95.1,158,158,1.18955,1.15698,1.22559,-1.18871,0.83848,0.02,4.71598,0.0116,0.111,-0.4575,-6.00965,-2.47742,-6.36445,-2.9677,-2.37051,0.883485,3.53699,0.883485,1.958664352,2.005779859,1.877896163,88.52914494,143.0992791,112.2213239,-22.50241064,12,7,12
ZnNiCo,100.96,153.4,140.73,201.75,119.22,181.07,112.29,173.09,153.4,1.20189,1.04866,1.00084,-1.01561,0.77538,-0.002,1.6251,2.6084,0.41207,0.4246,-5.74058,-2.45306,-2.9438,-3.13927,-2.24262,3.890881,1.0581,1.0581,1.995350156,1.922508883,1.83454097,89.40951882,130.4033732,121.2497293,-30.55517638,12,10,9
ZnNiCu,118.11,163.52,128.22,189.41,110.71,173.34,131.52,189.73,163.52,1.20502,1.05472,0.91059,-0.98538,0.79647,-0.0028,1.6607,0.5143,0.45718,0.4431,-5.44785,-2.40522,-2.54621,-2.83843,-2.01728,3.923753,0.918368,0.918368,1.993621564,1.893160779,1.881411835,90.82267896,131.2343198,121.9972062,-28.1597263,12,10,11
ZnNiMn,NaN,NaN,142.89,201.12,112.05,175.91,112.51,170.09,170.09,1.1944,1.06029,1.11502,-1.0949,0.78811,0.0188,-1.6259,4.64824,-0.02038,-0.418,-5.83376,-2.55221,-2.65303,-3.07388,-2.33896,0.878975,2.303952,0.878975,1.978847064,1.919511322,1.904688694,90.087672,136.5796542,129.1432169,-15.37244734,12,10,7
ZnNiNi,NaN,NaN,127.95,191.26,102.76,167.88,88.18,155.29,155.29,1.20283,1.08221,0.97717,-1.00027,0.81048,-0.0055,1.661,1.5654,0.47419,0.4669,-5.64328,-2.54091,-2.49045,-3.27653,-2.00688,3.867836,0.980353,0.980353,2.016829336,1.920825637,1.837872369,91.42174725,140.5297938,127.6090754,-4.791845916,12,10,10
ZnNiZn,NaN,NaN,60.87,129.43,100.82,160.07,109.05,173.44,129.43,1.20592,1.06444,1.20054,-1.16,0.79082,-0.0082,1.6456,0.0042,0.16329,0.4382,-5.26298,-2.24472,-5.78537,-2.47937,-2.01072,3.757974,1.352124,1.352124,1.95860507,1.916830134,1.867978518,90.13513627,131.9748539,119.4746684,-28.92404325,12,10,12
ZnZnCo,NaN,NaN,95.55,158.82,98.92,175.14,102.04,163.74,158.82,1.20028,1.21739,1.00788,-1.11854,0.86615,0.0089,-0.004,2.5705,0.22326,-0.4786,-6.14217,-6.33505,-2.81435,-3.21373,-2.47852,1.483889,1.833758,1.483889,1.963427466,1.975263358,1.840400745,86.16600832,141.9500237,109.9031875,-25.76941612,12,12,9
ZnZnCu,107.9,155.73,120.71,182.22,126.9,191.77,130.6,186.82,155.73,1.20119,1.25594,0.93274,-1.09778,0.85985,-0.0027,-0.0026,0.5152,0.31383,0.5059,-5.95513,-6.13323,-2.90725,-3.34218,-2.13284,3.694708,0.465797,0.465797,2.022454407,1.942502812,1.880385945,89.93637998,134.2316341,131.459948,16.55094569,12,12,11
ZnZnMn,NaN,NaN,56.41,117.14,112.14,176.2,109.23,169.78,117.14,1.20547,1.23935,1.1213,-1.18922,0.80041,0.0132,0.008,4.68746,0.13205,-0.4372,-5.87023,-6.01562,-2.62637,-2.92134,-2.26453,0.909034,2.165207,0.909034,1.978145896,1.935026539,1.916204243,88.4161886,142.6358387,125.1161613,-13.34729089,12,12,7
ZnZnNi,119.55,169.64,117.64,177.6,88.53,153.53,82.77,148.61,148.61,1.20959,1.25206,0.99819,-1.09494,0.81501,-0.0014,-0.0011,1.5856,0.32027,0.4748,-5.72366,-5.87972,-2.607,-3.1369,-2.03779,3.764405,0.898518,0.898518,2.010081811,1.949631057,1.839117454,89.48172352,142.3332736,127.3708459,-6.408939203,12,12,10
ZnZnZn,NaN,NaN,95.05,154.55,74.42,146.86,104.27,164.41,146.86,1.19554,1.21682,1.23303,-1.23698,0.848,-0.0026,-0.0005,-0.0018,0.00047,0.4804,-5.5946,-5.69673,-5.87202,-2.49221,-1.98028,3.674787,1.463056,1.463056,1.971253247,1.964764501,1.890508305,85.97727838,150.2484383,106.9173003,-19.97505093,12,12,12
